,timestamp,motor_temp,motor_vibration,motor_current,motor_rpm,status
0,2025-07-22 10:31:42.178998,79.37,5.56,18.78,1622,2
1,2025-07-22 10:31:52.178998,54.7,1.31,15.46,1565,0
2,2025-07-22 10:32:02.178998,79.91,2.13,12.8,1601,1
3,2025-07-22 10:32:12.178998,57.88,2.06,18.02,1534,2
4,2025-07-22 10:32:22.178998,85.97,1.85,18.03,1586,2
5,2025-07-22 10:32:32.178998,57.53,0.49,9.05,1697,0
6,2025-07-22 10:32:42.178998,59.49,2.15,15.08,1506,0
7,2025-07-22 10:32:52.178998,81.56,1.5,13.69,1406,2
8,2025-07-22 10:33:02.178998,67.38,2.97,11.33,1300,0
9,2025-07-22 10:33:12.178998,65.75,1.27,15.37,1469,0
10,2025-07-22 10:33:22.178998,63.7,1.26,13.68,1453,0
11,2025-07-22 10:33:32.178998,82.17,0.8,10.98,1528,2
12,2025-07-22 10:33:42.178998,61.95,2.59,7.4,1470,0
13,2025-07-22 10:33:52.178998,52.08,2.87,15.78,1252,0
14,2025-07-22 10:34:02.178998,47.42,2.33,15.11,1463,0
15,2025-07-22 10:34:12.178998,97.63,2.23,2.37,1299,2
16,2025-07-22 10:34:22.178998,49.87,2.49,7.28,1539,0
17,2025-07-22 10:34:32.178998,56.71,1.94,9.85,1613,0
18,2025-07-22 10:34:42.178998,71.77,2.45,5.59,1637,1
19,2025-07-22 10:34:52.178998,76.44,1.87,15.8,1461,1
20,2025-07-22 10:35:02.178998,82.52,0.99,17.35,1611,2
21,2025-07-22 10:35:12.178998,72.94,2.0,9.18,1774,1
22,2025-07-22 10:35:22.178998,71.37,1.83,18.45,1510,2
23,2025-07-22 10:35:32.178998,54.22,2.09,13.36,1624,0
24,2025-07-22 10:35:42.178998,52.24,2.28,13.54,1404,0
25,2025-07-22 10:35:52.178998,60.08,3.29,11.76,1316,0
26,2025-07-22 10:36:02.178998,59.31,3.21,15.66,1396,0
27,2025-07-22 10:36:12.178998,74.67,1.66,16.51,1252,1
28,2025-07-22 10:36:22.178998,58.11,1.29,12.5,1258,0
29,2025-07-22 10:36:32.178998,61.8,1.28,11.45,1282,0
30,2025-07-22 10:36:42.178998,47.16,1.4,10.58,1833,0
31,2025-07-22 10:36:52.178998,81.45,1.45,14.51,1342,2
32,2025-07-22 10:37:02.178998,62.35,2.85,10.35,1369,0
33,2025-07-22 10:37:12.178998,53.87,2.89,17.98,1685,1
34,2025-07-22 10:37:22.178998,66.31,1.91,12.1,1741,0
35,2025-07-22 10:37:32.178998,86.1,3.05,13.89,1555,2
36,2025-07-22 10:37:42.178998,67.69,1.37,14.07,1633,0
37,2025-07-22 10:37:52.178998,68.74,0.99,13.11,1327,0
38,2025-07-22 10:38:02.178998,53.68,1.64,9.78,1668,0
39,2025-07-22 10:38:12.178998,71.13,2.12,10.52,1449,1
40,2025-07-22 10:38:22.178998,55.69,1.91,14.14,1605,0
41,2025-07-22 10:38:32.178998,79.16,2.31,10.45,1091,1
42,2025-07-22 10:38:42.178998,73.28,1.74,7.66,1442,1
43,2025-07-22 10:38:52.178998,57.09,3.92,9.03,1471,1
44,2025-07-22 10:39:02.178998,84.72,2.48,12.31,1718,2
45,2025-07-22 10:39:12.178998,72.32,1.84,15.01,1642,1
46,2025-07-22 10:39:22.178998,77.9,2.52,9.69,1551,1
47,2025-07-22 10:39:32.178998,65.48,3.35,16.49,1744,1
48,2025-07-22 10:39:42.178998,80.94,0.71,5.4,1477,2
49,2025-07-22 10:39:52.178998,60.93,3.03,7.52,1380,0
50,2025-07-22 10:40:02.178998,90.68,3.13,10.91,1454,2
51,2025-07-22 10:40:12.178998,60.55,0.94,12.02,915,0
52,2025-07-22 10:40:22.178998,57.7,3.04,12.44,1400,0
53,2025-07-22 10:40:32.178998,71.7,1.81,5.31,1528,1
54,2025-07-22 10:40:42.178998,72.48,1.29,20.79,1728,2
55,2025-07-22 10:40:52.178998,79.82,1.88,10.76,1892,1
56,2025-07-22 10:41:02.178998,81.47,0.65,15.4,1977,2
57,2025-07-22 10:41:12.178998,65.19,2.2,14.04,1424,0
58,2025-07-22 10:41:22.178998,69.95,2.74,11.8,1609,0
59,2025-07-22 10:41:32.178998,79.38,1.74,13.7,1666,1
60,2025-07-22 10:41:42.178998,69.78,0.14,12.19,1955,0
61,2025-07-22 10:41:52.178998,87.76,2.41,6.86,1367,2
62,2025-07-22 10:42:02.178998,72.47,0.1,12.65,1381,1
63,2025-07-22 10:42:12.178998,78.77,1.59,5.36,1538,1
64,2025-07-22 10:42:22.178998,66.74,3.02,4.12,1319,0
65,2025-07-22 10:42:32.178998,65.26,2.04,8.45,1388,0
66,2025-07-22 10:42:42.178998,59.53,1.65,17.28,1576,1
67,2025-07-22 10:42:52.178998,75.88,2.28,18.8,1577,2
68,2025-07-22 10:43:02.178998,63.27,1.99,12.9,1409,0
69,2025-07-22 10:43:12.178998,65.18,3.32,9.93,1521,0
70,2025-07-22 10:43:22.178998,70.74,2.73,16.91,1614,1
71,2025-07-22 10:43:32.178998,45.27,1.22,22.17,1573,2
72,2025-07-22 10:43:42.178998,72.7,3.22,5.86,1385,1
73,2025-07-22 10:43:52.178998,73.59,1.04,11.26,1818,1
74,2025-07-22 10:44:02.178998,85.47,3.18,9.83,1590,2
75,2025-07-22 10:44:12.178998,62.4,1.42,14.44,1768,0
76,2025-07-22 10:44:22.178998,47.93,2.39,10.08,1472,0
77,2025-07-22 10:44:32.178998,69.61,2.79,13.94,1521,0
78,2025-07-22 10:44:42.178998,47.89,1.33,19.17,1647,2
79,2025-07-22 10:44:52.178998,76.61,2.97,14.61,1346,1
80,2025-07-22 10:45:02.178998,79.96,-0.17,-1.27,1458,1
81,2025-07-22 10:45:12.178998,76.82,0.85,13.28,1423,1
82,2025-07-22 10:45:22.178998,68.84,1.83,9.2,1445,0
83,2025-07-22 10:45:32.178998,74.39,3.29,21.17,1160,2
84,2025-07-22 10:45:42.178998,61.39,1.38,19.58,1727,2
85,2025-07-22 10:45:52.178998,56.52,0.34,17.75,1127,1
86,2025-07-22 10:46:02.178998,64.7,3.91,7.48,1215,1
87,2025-07-22 10:46:12.178998,75.68,2.25,10.99,1473,1
88,2025-07-22 10:46:22.178998,48.59,0.88,8.09,1526,0
89,2025-07-22 10:46:32.178998,70.17,2.61,15.05,1525,1
90,2025-07-22 10:46:42.178998,67.02,2.78,15.91,1445,0
91,2025-07-22 10:46:52.178998,48.83,3.06,1.08,1604,0
92,2025-07-22 10:47:02.178998,71.93,1.14,13.08,999,1
93,2025-07-22 10:47:12.178998,57.59,2.2,12.69,1371,0
94,2025-07-22 10:47:22.178998,82.33,1.83,11.87,1533,2
95,2025-07-22 10:47:32.178998,68.36,2.94,12.55,1504,0
96,2025-07-22 10:47:42.178998,54.92,1.75,14.36,1518,0
97,2025-07-22 10:47:52.178998,66.46,3.15,6.56,1224,0
98,2025-07-22 10:48:02.178998,66.37,2.05,13.57,1271,0
99,2025-07-22 10:48:12.178998,60.07,3.05,14.94,1114,0
100,2025-07-22 10:48:22.178998,57.83,2.58,-0.99,1338,0
101,2025-07-22 10:48:32.178998,51.9,2.57,11.47,1563,0
102,2025-07-22 10:48:42.178998,90.41,1.41,16.14,1512,2
103,2025-07-22 10:48:52.178998,68.58,1.16,14.9,1139,0
104,2025-07-22 10:49:02.178998,68.6,3.02,14.26,1180,0
105,2025-07-22 10:49:12.178998,57.96,2.24,12.09,1318,0
106,2025-07-22 10:49:22.178998,65.34,0.58,14.33,1534,0
107,2025-07-22 10:49:32.178998,74.0,0.05,9.37,1528,1
108,2025-07-22 10:49:42.178998,55.33,2.3,8.52,1550,0
109,2025-07-22 10:49:52.178998,55.43,4.15,16.86,1104,1
110,2025-07-22 10:50:02.178998,62.32,1.9,13.41,1933,0
111,2025-07-22 10:50:12.178998,79.2,0.25,6.82,1022,1
112,2025-07-22 10:50:22.178998,61.01,1.85,12.71,1909,0
113,2025-07-22 10:50:32.178998,56.46,2.32,10.29,1641,0
114,2025-07-22 10:50:42.178998,63.04,2.04,18.34,1175,2
115,2025-07-22 10:50:52.178998,70.86,0.97,9.51,1117,1
116,2025-07-22 10:51:02.178998,65.83,3.79,15.39,1422,1
117,2025-07-22 10:51:12.178998,62.08,1.94,17.0,1305,1
118,2025-07-22 10:51:22.178998,70.18,3.98,9.57,1403,1
119,2025-07-22 10:51:32.178998,59.13,3.4,13.39,1359,0
120,2025-07-22 10:51:42.178998,57.8,2.46,9.66,1333,0
121,2025-07-22 10:51:52.178998,61.22,2.07,4.84,1387,0
122,2025-07-22 10:52:02.178998,84.07,2.33,15.81,1494,2
123,2025-07-22 10:52:12.178998,63.13,2.14,8.95,1715,0
124,2025-07-22 10:52:22.178998,59.98,2.62,14.2,1547,0
125,2025-07-22 10:52:32.178998,64.23,1.63,10.15,1755,0
126,2025-07-22 10:52:42.178998,60.48,0.79,15.09,1376,0
127,2025-07-22 10:52:52.178998,48.45,2.12,11.94,1920,0
128,2025-07-22 10:53:02.178998,72.2,2.28,17.37,2031,1
129,2025-07-22 10:53:12.178998,69.1,1.14,18.88,1366,2
130,2025-07-22 10:53:22.178998,48.22,2.61,11.13,1597,0
131,2025-07-22 10:53:32.178998,62.85,1.04,11.71,1542,0
132,2025-07-22 10:53:42.178998,57.94,3.09,14.72,1256,0
133,2025-07-22 10:53:52.178998,60.56,1.39,-0.22,1271,0
134,2025-07-22 10:54:02.178998,53.76,2.37,13.37,1577,0
135,2025-07-22 10:54:12.178998,70.91,3.68,13.19,1361,1
136,2025-07-22 10:54:22.178998,48.71,0.59,19.05,1412,2
137,2025-07-22 10:54:32.178998,69.34,1.14,13.22,1774,0
138,2025-07-22 10:54:42.178998,66.2,2.67,13.76,1779,0
139,2025-07-22 10:54:52.178998,67.64,0.96,13.89,1620,0
140,2025-07-22 10:55:02.178998,66.92,1.14,10.53,1460,0
141,2025-07-22 10:55:12.178998,52.78,2.76,16.6,1443,1
142,2025-07-22 10:55:22.178998,48.03,2.87,15.14,1718,0
143,2025-07-22 10:55:32.178998,70.53,2.08,21.08,1378,2
144,2025-07-22 10:55:42.178998,59.34,1.81,6.35,1455,0
145,2025-07-22 10:55:52.178998,59.54,2.48,12.17,1395,0
146,2025-07-22 10:56:02.178998,69.5,1.44,19.02,1822,2
147,2025-07-22 10:56:12.178998,69.91,1.87,7.57,1824,0
148,2025-07-22 10:56:22.178998,79.99,3.67,14.14,1881,1
149,2025-07-22 10:56:32.178998,57.72,1.94,11.93,1508,0
150,2025-07-22 10:56:42.178998,82.27,2.83,13.42,1599,2
151,2025-07-22 10:56:52.178998,66.09,2.09,19.35,1857,2
152,2025-07-22 10:57:02.178998,63.78,1.13,15.6,1964,0
153,2025-07-22 10:57:12.178998,88.7,3.04,7.29,1569,2
154,2025-07-22 10:57:22.178998,68.46,4.0,14.59,1492,1
155,2025-07-22 10:57:32.178998,56.48,1.59,13.15,1508,0
156,2025-07-22 10:57:42.178998,59.59,2.99,8.38,1513,0
157,2025-07-22 10:57:52.178998,61.06,1.9,12.22,1756,0
158,2025-07-22 10:58:02.178998,62.72,2.43,14.15,1340,0
159,2025-07-22 10:58:12.178998,68.05,2.36,6.31,1319,0
160,2025-07-22 10:58:22.178998,73.6,-0.38,14.68,1358,1
161,2025-07-22 10:58:32.178998,67.09,2.46,12.87,1818,0
162,2025-07-22 10:58:42.178998,54.61,4.41,17.6,1478,1
163,2025-07-22 10:58:52.178998,64.83,2.28,1.95,1444,0
164,2025-07-22 10:59:02.178998,80.76,1.25,7.15,1329,2
165,2025-07-22 10:59:12.178998,69.72,1.34,18.35,1610,2
166,2025-07-22 10:59:22.178998,65.08,1.34,13.63,1413,0
167,2025-07-22 10:59:32.178998,61.92,2.09,14.41,1703,0
168,2025-07-22 10:59:42.178998,66.62,1.56,13.96,1546,0
169,2025-07-22 10:59:52.178998,57.39,0.3,12.47,1300,0
170,2025-07-22 11:00:02.178998,68.4,2.19,11.75,1732,0
171,2025-07-22 11:00:12.178998,69.64,3.04,18.46,1818,2
172,2025-07-22 11:00:22.178998,67.1,3.27,18.96,1681,2
173,2025-07-22 11:00:32.178998,62.02,0.56,10.14,1714,0
174,2025-07-22 11:00:42.178998,55.57,0.29,9.7,1582,0
175,2025-07-22 11:00:52.178998,71.89,2.13,11.01,1834,1
176,2025-07-22 11:01:02.178998,71.4,3.75,11.52,1356,1
177,2025-07-22 11:01:12.178998,65.32,1.14,9.44,1395,0
178,2025-07-22 11:01:22.178998,75.17,3.34,10.91,1553,1
179,2025-07-22 11:01:32.178998,61.8,2.28,13.19,1255,0
180,2025-07-22 11:01:42.178998,67.6,1.68,11.17,1693,0
181,2025-07-22 11:01:52.178998,49.61,2.06,12.04,1548,0
182,2025-07-22 11:02:02.178998,55.58,2.74,5.9,1730,0
183,2025-07-22 11:02:12.178998,56.73,2.64,10.11,1482,0
184,2025-07-22 11:02:22.178998,66.16,1.93,16.0,1697,1
185,2025-07-22 11:02:32.178998,61.96,1.22,13.3,1573,0
186,2025-07-22 11:02:42.178998,62.1,1.78,19.1,1525,2
187,2025-07-22 11:02:52.178998,87.36,3.75,11.03,1870,2
188,2025-07-22 11:03:02.178998,62.59,2.04,6.19,1760,0
189,2025-07-22 11:03:12.178998,66.55,2.0,10.38,1691,0
190,2025-07-22 11:03:22.178998,82.79,2.89,14.61,1607,2
191,2025-07-22 11:03:32.178998,62.77,2.85,14.34,1658,0
192,2025-07-22 11:03:42.178998,79.71,2.11,12.33,1343,1
193,2025-07-22 11:03:52.178998,67.5,3.8,14.85,1233,1
194,2025-07-22 11:04:02.178998,56.99,2.33,9.82,1574,0
195,2025-07-22 11:04:12.178998,66.41,3.53,11.32,1474,1
196,2025-07-22 11:04:22.178998,54.66,1.77,8.88,1293,0
197,2025-07-22 11:04:32.178998,75.12,2.06,7.61,1766,1
198,2025-07-22 11:04:42.178998,33.09,0.6,11.47,1391,0
199,2025-07-22 11:04:52.178998,65.64,0.72,8.29,1349,0
200,2025-07-22 11:05:02.178998,61.22,2.03,12.12,1438,0
201,2025-07-22 11:05:12.178998,54.42,1.89,8.07,1766,0
202,2025-07-22 11:05:22.178998,59.36,2.96,15.21,1474,0
203,2025-07-22 11:05:32.178998,47.52,2.26,9.01,1739,0
204,2025-07-22 11:05:42.178998,46.15,2.11,20.42,1411,2
205,2025-07-22 11:05:52.178998,68.19,2.16,8.81,966,0
206,2025-07-22 11:06:02.178998,65.78,2.57,11.55,1335,0
207,2025-07-22 11:06:12.178998,66.14,1.76,17.38,1134,1
208,2025-07-22 11:06:22.178998,70.8,2.1,13.89,1759,1
209,2025-07-22 11:06:32.178998,68.92,2.12,1.55,1508,0
210,2025-07-22 11:06:42.178998,63.31,1.79,8.11,1328,0
211,2025-07-22 11:06:52.178998,55.53,2.27,11.71,1313,0
212,2025-07-22 11:07:02.178998,53.87,3.49,7.08,1717,0
213,2025-07-22 11:07:12.178998,44.36,2.2,18.31,1388,2
214,2025-07-22 11:07:22.178998,67.44,2.8,12.27,1456,0
215,2025-07-22 11:07:32.178998,74.69,2.99,16.68,1411,1
216,2025-07-22 11:07:42.178998,63.74,0.48,11.89,1449,0
217,2025-07-22 11:07:52.178998,67.42,1.84,17.1,1421,1
218,2025-07-22 11:08:02.178998,65.28,0.68,18.57,1411,2
219,2025-07-22 11:08:12.178998,79.82,1.66,11.99,1566,1
220,2025-07-22 11:08:22.178998,71.93,1.93,17.44,1360,1
221,2025-07-22 11:08:32.178998,41.0,2.49,17.98,1712,1
222,2025-07-22 11:08:42.178998,58.81,1.39,10.65,1427,0
223,2025-07-22 11:08:52.178998,69.36,0.73,11.25,1617,0
224,2025-07-22 11:09:02.178998,47.36,3.19,15.49,1534,0
225,2025-07-22 11:09:12.178998,61.03,3.07,2.91,1347,0
226,2025-07-22 11:09:22.178998,62.3,2.47,11.02,1285,0
227,2025-07-22 11:09:32.178998,55.79,1.2,14.24,1347,0
228,2025-07-22 11:09:42.178998,56.81,1.88,9.36,1453,0
229,2025-07-22 11:09:52.178998,57.45,0.69,9.41,1354,0
230,2025-07-22 11:10:02.178998,75.33,0.64,16.76,1305,1
231,2025-07-22 11:10:12.178998,76.19,1.16,3.35,1571,1
232,2025-07-22 11:10:22.178998,76.48,2.62,15.36,1472,1
233,2025-07-22 11:10:32.178998,69.48,3.73,9.7,1575,1
234,2025-07-22 11:10:42.178998,51.23,2.95,10.64,1424,0
235,2025-07-22 11:10:52.178998,67.07,1.48,5.22,1470,0
236,2025-07-22 11:11:02.178998,77.45,2.87,4.46,1543,1
237,2025-07-22 11:11:12.178998,60.84,0.59,19.1,1082,2
238,2025-07-22 11:11:22.178998,51.26,0.84,11.76,1346,0
239,2025-07-22 11:11:32.178998,70.19,2.18,13.15,1510,1
240,2025-07-22 11:11:42.178998,42.65,1.69,17.51,1386,1
241,2025-07-22 11:11:52.178998,72.91,1.67,13.93,1779,1
242,2025-07-22 11:12:02.178998,58.38,4.03,13.63,1522,1
243,2025-07-22 11:12:12.178998,70.82,2.35,15.3,1488,1
244,2025-07-22 11:12:22.178998,71.91,3.43,13.15,1610,1
245,2025-07-22 11:12:32.178998,74.73,1.74,9.57,1505,1
246,2025-07-22 11:12:42.178998,55.37,2.52,18.03,1487,2
247,2025-07-22 11:12:52.178998,57.07,1.37,5.44,1376,0
248,2025-07-22 11:13:02.178998,58.14,4.09,12.81,1687,1
249,2025-07-22 11:13:12.178998,42.45,1.06,11.5,1626,0
250,2025-07-22 11:13:22.178998,95.45,4.23,14.28,1606,2
251,2025-07-22 11:13:32.178998,73.33,-0.08,14.05,1846,1
252,2025-07-22 11:13:42.178998,64.89,2.1,20.78,1590,2
253,2025-07-22 11:13:52.178998,68.53,2.09,6.59,1714,0
254,2025-07-22 11:14:02.178998,67.3,1.26,7.21,1465,0
255,2025-07-22 11:14:12.178998,72.67,3.25,11.95,1345,1
256,2025-07-22 11:14:22.178998,64.29,1.95,16.67,941,1
257,2025-07-22 11:14:32.178998,59.87,0.88,12.81,1964,0
258,2025-07-22 11:14:42.178998,51.23,1.8,9.76,1775,0
259,2025-07-22 11:14:52.178998,65.15,2.86,7.09,1826,0
260,2025-07-22 11:15:02.178998,56.05,2.26,9.79,1593,0
261,2025-07-22 11:15:12.178998,65.92,1.49,12.57,1584,0
262,2025-07-22 11:15:22.178998,56.52,1.81,8.57,1409,0
263,2025-07-22 11:15:32.178998,59.96,1.81,22.02,1640,2
264,2025-07-22 11:15:42.178998,50.56,2.48,8.51,1745,0
265,2025-07-22 11:15:52.178998,84.46,1.14,7.2,1345,2
266,2025-07-22 11:16:02.178998,73.96,0.27,12.97,1624,1
267,2025-07-22 11:16:12.178998,58.83,1.73,18.52,1378,2
268,2025-07-22 11:16:22.178998,64.48,2.65,10.35,1631,0
269,2025-07-22 11:16:32.178998,58.08,2.37,13.26,1966,0
270,2025-07-22 11:16:42.178998,72.83,1.12,16.0,1501,1
271,2025-07-22 11:16:52.178998,55.8,2.55,8.02,1417,0
272,2025-07-22 11:17:02.178998,64.25,3.53,17.45,1194,1
273,2025-07-22 11:17:12.178998,62.43,1.99,14.66,1421,0
274,2025-07-22 11:17:22.178998,48.27,4.81,7.11,1424,1
275,2025-07-22 11:17:32.178998,52.53,2.27,15.38,1210,0
276,2025-07-22 11:17:42.178998,43.59,1.3,5.8,1406,0
277,2025-07-22 11:17:52.178998,87.29,1.42,8.17,1417,2
278,2025-07-22 11:18:02.178998,64.2,0.85,13.03,1195,0
279,2025-07-22 11:18:12.178998,73.01,1.11,10.62,1440,1
280,2025-07-22 11:18:22.178998,75.16,2.88,7.84,1489,1
281,2025-07-22 11:18:32.178998,67.53,3.31,19.84,1679,2
282,2025-07-22 11:18:42.178998,52.64,-0.44,10.24,1487,0
283,2025-07-22 11:18:52.178998,75.48,1.53,13.26,1205,1
284,2025-07-22 11:19:02.178998,55.45,-0.13,13.29,1293,0
285,2025-07-22 11:19:12.178998,68.63,2.11,7.16,1534,0
286,2025-07-22 11:19:22.178998,80.99,3.34,9.63,1674,2
287,2025-07-22 11:19:32.178998,74.25,3.14,15.09,1598,1
288,2025-07-22 11:19:42.178998,59.8,2.53,11.37,1508,0
289,2025-07-22 11:19:52.178998,61.41,2.2,13.6,1166,0
290,2025-07-22 11:20:02.178998,63.21,2.8,6.39,1403,0
291,2025-07-22 11:20:12.178998,75.39,1.15,14.45,1367,1
292,2025-07-22 11:20:22.178998,65.16,2.21,10.9,1581,0
293,2025-07-22 11:20:32.178998,67.92,3.73,13.49,1401,1
294,2025-07-22 11:20:42.178998,66.3,2.2,7.07,1706,0
295,2025-07-22 11:20:52.178998,66.29,3.53,20.5,1398,2
296,2025-07-22 11:21:02.178998,63.53,1.3,15.51,1670,0
297,2025-07-22 11:21:12.178998,65.34,2.66,6.22,1469,0
298,2025-07-22 11:21:22.178998,63.54,0.58,10.24,1397,0
299,2025-07-22 11:21:32.178998,78.39,-0.43,18.79,1387,2
300,2025-07-22 11:21:42.178998,65.86,2.06,14.52,1997,0
301,2025-07-22 11:21:52.178998,46.36,1.84,13.64,1333,0
302,2025-07-22 11:22:02.178998,64.81,0.73,13.51,1552,0
303,2025-07-22 11:22:12.178998,58.24,2.89,14.66,1337,0
304,2025-07-22 11:22:22.178998,73.03,1.75,14.5,1741,1
305,2025-07-22 11:22:32.178998,62.29,2.53,13.9,1873,0
306,2025-07-22 11:22:42.178998,60.14,2.5,8.59,1832,0
307,2025-07-22 11:22:52.178998,75.78,0.67,17.03,1289,1
308,2025-07-22 11:23:02.178998,59.36,1.54,20.41,1477,2
309,2025-07-22 11:23:12.178998,81.05,1.47,7.97,1448,2
310,2025-07-22 11:23:22.178998,55.3,1.08,10.97,1426,0
311,2025-07-22 11:23:32.178998,59.8,3.08,12.65,832,0
312,2025-07-22 11:23:42.178998,45.29,1.8,16.19,1899,1
313,2025-07-22 11:23:52.178998,67.32,4.08,5.18,1590,1
314,2025-07-22 11:24:02.178998,54.3,-0.74,8.52,1745,0
315,2025-07-22 11:24:12.178998,71.57,2.48,11.21,1586,1
316,2025-07-22 11:24:22.178998,65.32,1.93,12.16,1310,0
317,2025-07-22 11:24:32.178998,58.74,0.98,8.55,1273,0
318,2025-07-22 11:24:42.178998,70.94,1.74,15.42,1300,1
319,2025-07-22 11:24:52.178998,63.22,2.79,20.06,1784,2
320,2025-07-22 11:25:02.178998,77.12,2.89,17.55,1338,1
321,2025-07-22 11:25:12.178998,82.43,1.54,8.85,1355,2
322,2025-07-22 11:25:22.178998,68.3,1.3,7.12,1249,0
323,2025-07-22 11:25:32.178998,63.78,1.58,11.2,1448,0
324,2025-07-22 11:25:42.178998,78.17,2.58,12.81,1060,1
325,2025-07-22 11:25:52.178998,50.36,2.78,17.37,992,1
326,2025-07-22 11:26:02.178998,60.85,1.48,11.61,1341,0
327,2025-07-22 11:26:12.178998,70.53,2.48,10.2,1526,1
328,2025-07-22 11:26:22.178998,72.42,1.0,11.39,1299,1
329,2025-07-22 11:26:32.178998,71.16,3.01,11.27,1820,1
330,2025-07-22 11:26:42.178998,62.09,2.7,10.55,1237,0
331,2025-07-22 11:26:52.178998,60.45,3.44,13.95,1334,0
332,2025-07-22 11:27:02.178998,58.95,2.7,15.95,1443,0
333,2025-07-22 11:27:12.178998,73.22,2.27,13.33,1544,1
334,2025-07-22 11:27:22.178998,58.63,0.5,14.19,1413,0
335,2025-07-22 11:27:32.178998,84.89,1.47,14.71,1647,2
336,2025-07-22 11:27:42.178998,76.07,1.06,7.1,1667,1
337,2025-07-22 11:27:52.178998,60.57,3.14,18.81,1602,2
338,2025-07-22 11:28:02.178998,55.66,1.93,17.49,1341,1
339,2025-07-22 11:28:12.178998,76.14,2.13,15.27,1606,1
340,2025-07-22 11:28:22.178998,59.75,1.74,15.26,1588,0
341,2025-07-22 11:28:32.178998,65.86,2.35,10.14,1434,0
342,2025-07-22 11:28:42.178998,69.79,3.35,19.63,1561,2
343,2025-07-22 11:28:52.178998,62.6,1.36,11.85,1647,0
344,2025-07-22 11:29:02.178998,62.63,1.54,10.71,1717,0
345,2025-07-22 11:29:12.178998,61.34,0.12,16.5,1521,1
346,2025-07-22 11:29:22.178998,64.53,1.44,12.35,1635,0
347,2025-07-22 11:29:32.178998,68.18,2.64,19.14,1804,2
348,2025-07-22 11:29:42.178998,68.75,2.01,8.67,1628,0
349,2025-07-22 11:29:52.178998,62.97,0.59,6.48,1146,0
350,2025-07-22 11:30:02.178998,69.08,2.57,12.8,1483,0
351,2025-07-22 11:30:12.178998,77.76,1.0,18.63,1505,2
352,2025-07-22 11:30:22.178998,67.44,1.35,21.26,1530,2
353,2025-07-22 11:30:32.178998,59.77,2.01,5.83,1714,0
354,2025-07-22 11:30:42.178998,69.27,2.45,11.58,1493,0
355,2025-07-22 11:30:52.178998,62.14,2.01,8.69,1500,0
356,2025-07-22 11:31:02.178998,52.37,2.87,17.25,1543,1
357,2025-07-22 11:31:12.178998,68.32,2.25,12.6,1549,0
358,2025-07-22 11:31:22.178998,51.36,2.59,4.82,1614,0
359,2025-07-22 11:31:32.178998,57.34,2.4,17.18,1556,1
360,2025-07-22 11:31:42.178998,80.8,0.35,14.0,1399,2
361,2025-07-22 11:31:52.178998,81.07,1.82,17.46,1679,2
362,2025-07-22 11:32:02.178998,55.07,1.56,13.25,1579,0
363,2025-07-22 11:32:12.178998,66.65,2.06,17.84,1732,1
364,2025-07-22 11:32:22.178998,80.23,2.04,6.48,1567,2
365,2025-07-22 11:32:32.178998,44.58,2.79,15.83,1358,0
366,2025-07-22 11:32:42.178998,68.2,4.59,17.23,1983,1
367,2025-07-22 11:32:52.178998,64.39,1.28,17.47,1796,1
368,2025-07-22 11:33:02.178998,49.82,2.13,11.79,1657,0
369,2025-07-22 11:33:12.178998,50.9,0.44,15.85,1821,0
370,2025-07-22 11:33:22.178998,53.22,3.49,12.3,1228,0
371,2025-07-22 11:33:32.178998,62.56,3.22,12.42,1367,0
372,2025-07-22 11:33:42.178998,85.78,1.67,14.81,1746,2
373,2025-07-22 11:33:52.178998,65.21,3.39,8.68,1297,0
374,2025-07-22 11:34:02.178998,57.45,1.86,19.18,1797,2
375,2025-07-22 11:34:12.178998,65.63,3.05,7.85,1549,0
376,2025-07-22 11:34:22.178998,51.18,2.78,9.4,1645,0
377,2025-07-22 11:34:32.178998,69.61,1.58,15.85,1657,0
378,2025-07-22 11:34:42.178998,78.5,1.36,5.33,1605,1
379,2025-07-22 11:34:52.178998,57.15,2.76,16.22,1795,1
380,2025-07-22 11:35:02.178998,62.77,2.17,8.25,1456,0
381,2025-07-22 11:35:12.178998,57.01,0.29,7.69,1032,0
382,2025-07-22 11:35:22.178998,69.78,2.48,8.46,1781,0
383,2025-07-22 11:35:32.178998,67.0,2.45,15.19,1608,0
384,2025-07-22 11:35:42.178998,64.37,1.48,14.09,1490,0
385,2025-07-22 11:35:52.178998,78.05,1.64,17.74,1459,1
386,2025-07-22 11:36:02.178998,50.58,1.57,13.88,1535,0
387,2025-07-22 11:36:12.178998,79.94,-0.29,17.22,1915,1
388,2025-07-22 11:36:22.178998,53.6,2.38,20.89,1342,2
389,2025-07-22 11:36:32.178998,75.47,2.07,13.33,1525,1
390,2025-07-22 11:36:42.178998,73.69,3.78,18.27,1252,2
391,2025-07-22 11:36:52.178998,69.4,2.2,8.27,1381,0
392,2025-07-22 11:37:02.178998,64.15,-0.49,17.16,1545,1
393,2025-07-22 11:37:12.178998,83.97,2.6,11.47,1453,2
394,2025-07-22 11:37:22.178998,64.88,2.91,13.67,1432,0
395,2025-07-22 11:37:32.178998,75.03,2.88,10.07,1409,1
396,2025-07-22 11:37:42.178998,57.46,2.67,18.92,1720,2
397,2025-07-22 11:37:52.178998,68.38,1.55,8.34,1727,0
398,2025-07-22 11:38:02.178998,45.71,2.35,10.95,1459,0
399,2025-07-22 11:38:12.178998,64.69,2.12,9.75,1325,0
400,2025-07-22 11:38:22.178998,62.76,2.87,13.5,1293,0
401,2025-07-22 11:38:32.178998,59.01,1.48,10.51,1320,0
402,2025-07-22 11:38:42.178998,80.99,3.59,14.93,1481,2
403,2025-07-22 11:38:52.178998,63.48,2.5,3.35,1594,0
404,2025-07-22 11:39:02.178998,57.55,3.55,9.75,1472,1
405,2025-07-22 11:39:12.178998,67.88,2.91,4.82,1634,0
406,2025-07-22 11:39:22.178998,67.17,0.16,10.09,1312,0
407,2025-07-22 11:39:32.178998,63.85,1.94,12.39,1532,0
408,2025-07-22 11:39:42.178998,70.29,1.06,9.71,1870,1
409,2025-07-22 11:39:52.178998,66.92,1.01,11.54,1746,0
410,2025-07-22 11:40:02.178998,81.49,0.97,19.1,1916,2
411,2025-07-22 11:40:12.178998,52.58,3.09,15.33,1488,0
412,2025-07-22 11:40:22.178998,62.95,-0.93,12.98,1574,0
413,2025-07-22 11:40:32.178998,46.09,-0.04,12.07,1638,0
414,2025-07-22 11:40:42.178998,50.68,1.32,7.56,1613,0
415,2025-07-22 11:40:52.178998,69.23,0.36,6.93,1394,0
416,2025-07-22 11:41:02.178998,60.53,1.39,13.59,1774,0
417,2025-07-22 11:41:12.178998,61.55,0.87,16.38,1391,1
418,2025-07-22 11:41:22.178998,60.49,1.97,11.99,1658,0
419,2025-07-22 11:41:32.178998,56.65,0.06,12.78,1393,0
420,2025-07-22 11:41:42.178998,67.98,2.43,14.34,1447,0
421,2025-07-22 11:41:52.178998,63.62,1.33,14.73,1171,0
422,2025-07-22 11:42:02.178998,74.68,2.02,16.1,1264,1
423,2025-07-22 11:42:12.178998,58.78,2.59,13.9,1286,0
424,2025-07-22 11:42:22.178998,65.57,0.64,9.72,1499,0
425,2025-07-22 11:42:32.178998,66.28,2.52,18.05,1607,2
426,2025-07-22 11:42:42.178998,57.92,3.17,11.52,1637,0
427,2025-07-22 11:42:52.178998,60.19,3.54,10.24,1666,1
428,2025-07-22 11:43:02.178998,65.16,2.77,10.44,1374,0
429,2025-07-22 11:43:12.178998,65.43,1.54,9.8,1420,0
430,2025-07-22 11:43:22.178998,66.1,3.41,11.19,1231,0
431,2025-07-22 11:43:32.178998,72.87,3.49,12.17,1885,1
432,2025-07-22 11:43:42.178998,59.45,2.49,9.76,1304,0
433,2025-07-22 11:43:52.178998,45.0,1.44,7.65,1385,0
434,2025-07-22 11:44:02.178998,60.2,1.5,2.64,1654,0
435,2025-07-22 11:44:12.178998,74.85,0.86,4.32,1646,1
436,2025-07-22 11:44:22.178998,74.03,1.77,16.38,1481,1
437,2025-07-22 11:44:32.178998,67.14,2.38,13.23,1309,0
438,2025-07-22 11:44:42.178998,61.01,1.89,10.4,1630,0
439,2025-07-22 11:44:52.178998,73.76,1.61,14.96,1455,1
440,2025-07-22 11:45:02.178998,65.97,1.62,10.24,1771,0
441,2025-07-22 11:45:12.178998,71.21,1.49,6.75,1264,1
442,2025-07-22 11:45:22.178998,59.71,1.76,19.95,1373,2
443,2025-07-22 11:45:32.178998,74.43,2.18,12.89,1410,1
444,2025-07-22 11:45:42.178998,58.12,1.64,15.82,1692,0
445,2025-07-22 11:45:52.178998,71.37,4.6,-0.28,1707,1
446,2025-07-22 11:46:02.178998,76.59,0.37,11.82,1442,1
447,2025-07-22 11:46:12.178998,64.16,3.36,2.41,1410,0
448,2025-07-22 11:46:22.178998,66.23,2.26,13.22,1420,0
449,2025-07-22 11:46:32.178998,54.96,0.88,14.08,1495,0
450,2025-07-22 11:46:42.178998,70.0,2.31,15.33,1338,0
451,2025-07-22 11:46:52.178998,62.62,1.93,17.79,1560,1
452,2025-07-22 11:47:02.178998,60.28,5.27,10.49,1703,2
453,2025-07-22 11:47:12.178998,62.06,1.82,12.31,1390,0
454,2025-07-22 11:47:22.178998,54.01,2.56,8.89,1569,0
455,2025-07-22 11:47:32.178998,81.62,0.37,10.35,1171,2
456,2025-07-22 11:47:42.178998,79.15,0.51,11.32,1428,1
457,2025-07-22 11:47:52.178998,68.77,0.95,12.18,1205,0
458,2025-07-22 11:48:02.178998,59.31,2.97,6.14,1668,0
459,2025-07-22 11:48:12.178998,70.83,0.39,8.75,1414,1
460,2025-07-22 11:48:22.178998,59.41,2.07,14.09,1656,0
461,2025-07-22 11:48:32.178998,51.11,1.25,9.61,1881,0
462,2025-07-22 11:48:42.178998,47.41,2.39,18.79,1474,2
463,2025-07-22 11:48:52.178998,60.93,0.76,20.4,1642,2
464,2025-07-22 11:49:02.178998,60.73,2.88,4.48,1265,0
465,2025-07-22 11:49:12.178998,69.92,2.78,21.53,1588,2
466,2025-07-22 11:49:22.178998,57.8,2.99,13.14,1682,0
467,2025-07-22 11:49:32.178998,68.67,1.67,13.49,1341,0
468,2025-07-22 11:49:42.178998,59.16,0.86,10.95,1479,0
469,2025-07-22 11:49:52.178998,63.38,2.09,15.82,1308,0
470,2025-07-22 11:50:02.178998,75.35,0.6,12.76,1262,1
471,2025-07-22 11:50:12.178998,52.68,3.82,13.87,1330,1
472,2025-07-22 11:50:22.178998,62.67,1.01,8.16,1350,0
473,2025-07-22 11:50:32.178998,58.6,1.4,9.03,1543,0
474,2025-07-22 11:50:42.178998,42.49,2.28,13.19,1661,0
475,2025-07-22 11:50:52.178998,69.69,3.46,6.67,1650,0
476,2025-07-22 11:51:02.178998,54.89,1.63,14.39,1048,0
477,2025-07-22 11:51:12.178998,77.11,1.52,14.16,1153,1
478,2025-07-22 11:51:22.178998,52.06,0.93,11.43,1445,0
479,2025-07-22 11:51:32.178998,69.85,1.65,10.82,1286,0
480,2025-07-22 11:51:42.178998,49.45,2.03,14.09,1642,0
481,2025-07-22 11:51:52.178998,72.92,2.88,15.78,1644,1
482,2025-07-22 11:52:02.178998,73.51,0.6,9.04,1652,1
483,2025-07-22 11:52:12.178998,65.23,3.44,9.17,1423,0
484,2025-07-22 11:52:22.178998,55.74,2.61,11.0,1677,0
485,2025-07-22 11:52:32.178998,70.91,1.98,8.42,1591,1
486,2025-07-22 11:52:42.178998,59.42,1.37,12.14,1559,0
487,2025-07-22 11:52:52.178998,55.26,0.47,12.58,1541,0
488,2025-07-22 11:53:02.178998,53.54,3.18,8.54,1680,0
489,2025-07-22 11:53:12.178998,82.39,0.39,11.46,1268,2
490,2025-07-22 11:53:22.178998,35.01,1.39,16.47,1675,1
491,2025-07-22 11:53:32.178998,74.58,3.08,14.23,1802,1
492,2025-07-22 11:53:42.178998,68.02,2.56,16.58,1549,1
493,2025-07-22 11:53:52.178998,54.79,1.51,9.77,1612,0
494,2025-07-22 11:54:02.178998,58.08,2.4,6.86,1542,0
495,2025-07-22 11:54:12.178998,56.89,2.79,12.59,1717,0
496,2025-07-22 11:54:22.178998,55.66,2.56,14.64,1489,0
497,2025-07-22 11:54:32.178998,62.66,0.02,15.75,1176,0
498,2025-07-22 11:54:42.178998,66.27,1.82,18.58,1371,2
499,2025-07-22 11:54:52.178998,66.24,1.32,13.96,1824,0
500,2025-07-22 11:55:02.178998,87.27,4.14,20.84,1620,2
501,2025-07-22 11:55:12.178998,68.65,3.09,15.04,1586,0
502,2025-07-22 11:55:22.178998,68.86,3.7,11.15,1663,1
503,2025-07-22 11:55:32.178998,45.29,1.93,8.28,1199,0
504,2025-07-22 11:55:42.178998,41.47,0.72,5.87,1565,0
505,2025-07-22 11:55:52.178998,74.35,-0.12,15.01,1542,1
506,2025-07-22 11:56:02.178998,75.8,1.5,14.86,1212,1
507,2025-07-22 11:56:12.178998,67.36,2.75,6.01,1338,0
508,2025-07-22 11:56:22.178998,84.36,1.16,17.11,1529,2
509,2025-07-22 11:56:32.178998,59.76,2.82,14.96,1667,0
510,2025-07-22 11:56:42.178998,56.28,3.71,10.51,1366,1
511,2025-07-22 11:56:52.178998,72.35,1.17,12.65,1625,1
512,2025-07-22 11:57:02.178998,73.84,2.75,21.24,1859,2
513,2025-07-22 11:57:12.178998,63.46,2.12,5.26,1406,0
514,2025-07-22 11:57:22.178998,68.69,1.53,4.22,1904,0
515,2025-07-22 11:57:32.178998,75.05,3.05,10.16,1317,1
516,2025-07-22 11:57:42.178998,66.65,1.85,16.63,1561,1
517,2025-07-22 11:57:52.178998,72.67,0.05,2.5,1351,1
518,2025-07-22 11:58:02.178998,50.15,2.02,11.45,1229,0
519,2025-07-22 11:58:12.178998,48.64,2.68,15.77,1658,0
520,2025-07-22 11:58:22.178998,73.47,1.22,4.08,1388,1
521,2025-07-22 11:58:32.178998,65.27,1.66,15.83,1464,0
522,2025-07-22 11:58:42.178998,76.78,2.66,4.16,1210,1
523,2025-07-22 11:58:52.178998,65.3,2.36,15.02,1723,0
524,2025-07-22 11:59:02.178998,53.53,2.86,8.84,1333,0
525,2025-07-22 11:59:12.178998,81.81,4.4,1.38,1228,2
526,2025-07-22 11:59:22.178998,69.72,2.04,15.83,1434,0
527,2025-07-22 11:59:32.178998,66.39,3.11,12.0,1620,0
528,2025-07-22 11:59:42.178998,59.57,2.75,11.02,1629,0
529,2025-07-22 11:59:52.178998,54.44,1.7,6.15,1215,0
530,2025-07-22 12:00:02.178998,66.83,1.09,8.14,1651,0
531,2025-07-22 12:00:12.178998,37.3,1.73,15.06,1632,0
532,2025-07-22 12:00:22.178998,45.39,1.35,4.42,1824,0
533,2025-07-22 12:00:32.178998,74.25,2.64,2.72,1219,1
534,2025-07-22 12:00:42.178998,62.27,2.4,12.74,1578,0
535,2025-07-22 12:00:52.178998,66.26,3.24,8.73,1123,0
536,2025-07-22 12:01:02.178998,86.06,0.65,11.68,1476,2
537,2025-07-22 12:01:12.178998,56.71,0.83,12.85,1462,0
538,2025-07-22 12:01:22.178998,70.95,1.59,13.88,1504,1
539,2025-07-22 12:01:32.178998,74.31,2.71,9.8,1267,1
540,2025-07-22 12:01:42.178998,60.46,2.44,13.4,1528,0
541,2025-07-22 12:01:52.178998,73.53,0.21,12.03,1686,1
542,2025-07-22 12:02:02.178998,66.81,2.03,6.46,1649,0
543,2025-07-22 12:02:12.178998,65.95,1.8,7.75,1639,0
544,2025-07-22 12:02:22.178998,56.54,2.61,15.98,1359,0
545,2025-07-22 12:02:32.178998,71.61,2.77,13.54,1509,1
546,2025-07-22 12:02:42.178998,61.55,0.03,7.0,1326,0
547,2025-07-22 12:02:52.178998,66.23,1.78,7.79,1389,0
548,2025-07-22 12:03:02.178998,59.62,1.82,19.06,1262,2
549,2025-07-22 12:03:12.178998,78.36,0.57,7.89,1572,1
550,2025-07-22 12:03:22.178998,64.9,3.1,17.98,1554,1
551,2025-07-22 12:03:32.178998,69.41,3.1,13.14,1430,0
552,2025-07-22 12:03:42.178998,64.37,1.77,20.82,1780,2
553,2025-07-22 12:03:52.178998,68.12,1.19,8.83,1467,0
554,2025-07-22 12:04:02.178998,78.14,0.46,13.9,2016,1
555,2025-07-22 12:04:12.178998,57.33,3.01,7.56,1676,0
556,2025-07-22 12:04:22.178998,48.05,1.19,8.78,1833,0
557,2025-07-22 12:04:32.178998,55.05,-0.77,8.3,1760,0
558,2025-07-22 12:04:42.178998,47.57,1.86,17.13,1351,1
559,2025-07-22 12:04:52.178998,66.31,1.18,12.48,1623,0
560,2025-07-22 12:05:02.178998,66.38,2.2,13.0,1472,0
561,2025-07-22 12:05:12.178998,57.67,0.38,13.28,1447,0
562,2025-07-22 12:05:22.178998,69.58,1.83,11.06,1402,0
563,2025-07-22 12:05:32.178998,56.57,2.24,3.49,1489,0
564,2025-07-22 12:05:42.178998,77.37,1.99,9.49,1641,1
565,2025-07-22 12:05:52.178998,57.2,1.16,9.72,1330,0
566,2025-07-22 12:06:02.178998,73.22,4.03,9.64,1234,1
567,2025-07-22 12:06:12.178998,50.05,2.58,18.75,1330,2
568,2025-07-22 12:06:22.178998,60.22,0.84,14.22,1950,0
569,2025-07-22 12:06:32.178998,79.73,2.07,11.91,1858,1
570,2025-07-22 12:06:42.178998,73.52,0.47,8.21,1776,1
571,2025-07-22 12:06:52.178998,52.44,0.49,15.51,1258,0
572,2025-07-22 12:07:02.178998,60.44,2.19,11.73,1503,0
573,2025-07-22 12:07:12.178998,62.18,2.28,10.46,1689,0
574,2025-07-22 12:07:22.178998,53.35,1.59,9.73,1484,0
575,2025-07-22 12:07:32.178998,64.49,0.88,14.23,1485,0
576,2025-07-22 12:07:42.178998,71.45,3.3,17.3,1386,1
577,2025-07-22 12:07:52.178998,70.86,1.44,19.4,1521,2
578,2025-07-22 12:08:02.178998,58.31,1.71,10.39,1225,0
579,2025-07-22 12:08:12.178998,70.11,2.7,11.92,1225,1
580,2025-07-22 12:08:22.178998,54.0,2.29,9.23,1334,0
581,2025-07-22 12:08:32.178998,64.76,1.69,11.49,1450,0
582,2025-07-22 12:08:42.178998,72.93,2.67,16.51,1716,1
583,2025-07-22 12:08:52.178998,63.12,1.77,17.53,1502,1
584,2025-07-22 12:09:02.178998,52.05,3.05,18.7,1506,2
585,2025-07-22 12:09:12.178998,70.5,1.01,9.45,1266,1
586,2025-07-22 12:09:22.178998,58.12,2.72,9.78,1356,0
587,2025-07-22 12:09:32.178998,57.7,2.04,14.4,1544,0
588,2025-07-22 12:09:42.178998,58.46,0.64,15.65,1593,0
589,2025-07-22 12:09:52.178998,48.9,1.54,10.67,1836,0
590,2025-07-22 12:10:02.178998,71.74,3.3,13.36,1335,1
591,2025-07-22 12:10:12.178998,64.7,3.5,13.12,1288,0
592,2025-07-22 12:10:22.178998,51.41,3.0,13.13,1194,0
593,2025-07-22 12:10:32.178998,59.26,2.77,15.21,1706,0
594,2025-07-22 12:10:42.178998,83.59,3.03,14.62,1715,2
595,2025-07-22 12:10:52.178998,55.41,1.61,12.2,1388,0
596,2025-07-22 12:11:02.178998,77.96,0.79,9.89,1595,1
597,2025-07-22 12:11:12.178998,61.1,3.31,12.15,1357,0
598,2025-07-22 12:11:22.178998,58.3,0.56,7.45,1416,0
599,2025-07-22 12:11:32.178998,73.3,2.07,6.49,1447,1
600,2025-07-22 12:11:42.178998,85.46,1.68,11.79,1433,2
601,2025-07-22 12:11:52.178998,58.36,1.73,-1.54,1540,0
602,2025-07-22 12:12:02.178998,64.44,3.19,14.97,1596,0
603,2025-07-22 12:12:12.178998,49.41,2.85,13.19,1562,0
604,2025-07-22 12:12:22.178998,51.2,1.65,18.11,1238,2
605,2025-07-22 12:12:32.178998,54.98,1.61,15.47,1375,0
606,2025-07-22 12:12:42.178998,89.09,2.45,16.31,1447,2
607,2025-07-22 12:12:52.178998,73.08,0.68,13.34,1699,1
608,2025-07-22 12:13:02.178998,66.66,1.17,12.23,979,0
609,2025-07-22 12:13:12.178998,71.72,0.95,9.04,1392,1
610,2025-07-22 12:13:22.178998,94.19,3.18,14.84,1313,2
611,2025-07-22 12:13:32.178998,69.08,2.25,11.66,1518,0
612,2025-07-22 12:13:42.178998,63.96,1.73,12.63,1538,0
613,2025-07-22 12:13:52.178998,70.16,2.47,9.51,1614,1
614,2025-07-22 12:14:02.178998,47.71,1.42,12.57,1447,0
615,2025-07-22 12:14:12.178998,59.04,1.98,9.31,1740,0
616,2025-07-22 12:14:22.178998,60.74,1.58,12.69,1594,0
617,2025-07-22 12:14:32.178998,56.21,0.73,11.07,1495,0
618,2025-07-22 12:14:42.178998,54.49,1.5,8.12,1452,0
619,2025-07-22 12:14:52.178998,57.95,2.3,7.94,1546,0
620,2025-07-22 12:15:02.178998,52.07,2.53,17.43,1523,1
621,2025-07-22 12:15:12.178998,76.09,2.08,12.01,1283,1
622,2025-07-22 12:15:22.178998,59.42,3.22,8.1,1223,0
623,2025-07-22 12:15:32.178998,68.52,3.36,14.55,1490,0
624,2025-07-22 12:15:42.178998,63.79,1.88,8.86,1610,0
625,2025-07-22 12:15:52.178998,53.08,1.92,13.91,1594,0
626,2025-07-22 12:16:02.178998,89.16,2.15,18.97,1567,2
627,2025-07-22 12:16:12.178998,63.89,1.31,7.93,1182,0
628,2025-07-22 12:16:22.178998,81.69,2.36,14.96,1526,2
629,2025-07-22 12:16:32.178998,68.6,2.3,17.14,1749,1
630,2025-07-22 12:16:42.178998,74.38,0.03,5.67,1675,1
631,2025-07-22 12:16:52.178998,73.08,2.41,17.42,1314,1
632,2025-07-22 12:17:02.178998,57.2,0.54,6.05,1866,0
633,2025-07-22 12:17:12.178998,67.26,2.28,12.24,1559,0
634,2025-07-22 12:17:22.178998,53.51,2.05,9.33,1490,0
635,2025-07-22 12:17:32.178998,62.96,1.7,19.52,1240,2
636,2025-07-22 12:17:42.178998,46.93,3.02,8.45,1298,0
637,2025-07-22 12:17:52.178998,52.43,1.24,10.01,1421,0
638,2025-07-22 12:18:02.178998,60.15,0.97,11.64,1343,0
639,2025-07-22 12:18:12.178998,69.33,3.53,9.96,1781,1
640,2025-07-22 12:18:22.178998,65.67,1.74,16.3,1452,1
641,2025-07-22 12:18:32.178998,69.45,1.47,16.17,1336,1
642,2025-07-22 12:18:42.178998,76.96,2.17,9.77,1754,1
643,2025-07-22 12:18:52.178998,77.96,2.34,15.22,1288,1
644,2025-07-22 12:19:02.178998,73.27,1.73,9.35,1898,1
645,2025-07-22 12:19:12.178998,59.37,2.25,19.86,1688,2
646,2025-07-22 12:19:22.178998,64.7,0.63,19.15,1566,2
647,2025-07-22 12:19:32.178998,64.76,0.85,9.0,1611,0
648,2025-07-22 12:19:42.178998,55.33,1.22,16.29,1330,1
649,2025-07-22 12:19:52.178998,52.66,2.33,4.37,1606,0
650,2025-07-22 12:20:02.178998,70.1,1.8,12.88,1522,1
651,2025-07-22 12:20:12.178998,60.97,2.99,11.96,1177,0
652,2025-07-22 12:20:22.178998,66.16,0.5,14.13,1858,0
653,2025-07-22 12:20:32.178998,59.56,1.56,7.92,1314,0
654,2025-07-22 12:20:42.178998,93.8,2.62,19.59,1533,2
655,2025-07-22 12:20:52.178998,67.99,-1.04,15.83,2104,0
656,2025-07-22 12:21:02.178998,72.57,2.3,8.25,1224,1
657,2025-07-22 12:21:12.178998,46.29,1.49,9.09,1401,0
658,2025-07-22 12:21:22.178998,77.08,3.64,10.91,1531,1
659,2025-07-22 12:21:32.178998,75.8,2.12,11.44,1392,1
660,2025-07-22 12:21:42.178998,63.5,3.53,1.92,1304,1
661,2025-07-22 12:21:52.178998,76.07,2.38,15.39,1362,1
662,2025-07-22 12:22:02.178998,69.4,1.31,11.8,1370,0
663,2025-07-22 12:22:12.178998,63.61,3.37,10.64,1549,0
664,2025-07-22 12:22:22.178998,53.09,1.76,12.62,1483,0
665,2025-07-22 12:22:32.178998,62.62,3.18,9.28,1544,0
666,2025-07-22 12:22:42.178998,86.39,0.72,2.48,1686,2
667,2025-07-22 12:22:52.178998,72.56,1.67,4.07,1264,1
668,2025-07-22 12:23:02.178998,65.1,4.42,16.19,1670,1
669,2025-07-22 12:23:12.178998,66.26,1.97,9.17,1526,0
670,2025-07-22 12:23:22.178998,61.17,0.7,13.58,1443,0
671,2025-07-22 12:23:32.178998,64.83,0.94,13.13,1521,0
672,2025-07-22 12:23:42.178998,78.4,2.27,17.21,1867,1
673,2025-07-22 12:23:52.178998,60.4,1.27,18.3,1344,2
674,2025-07-22 12:24:02.178998,63.11,1.42,12.38,1591,0
675,2025-07-22 12:24:12.178998,60.32,2.48,14.76,1511,0
676,2025-07-22 12:24:22.178998,76.36,2.46,12.22,1392,1
677,2025-07-22 12:24:32.178998,57.14,1.33,12.51,1549,0
678,2025-07-22 12:24:42.178998,66.0,2.46,9.84,1438,0
679,2025-07-22 12:24:52.178998,67.43,3.79,19.64,1226,2
680,2025-07-22 12:25:02.178998,75.16,1.12,10.62,1464,1
681,2025-07-22 12:25:12.178998,63.82,3.36,6.47,1977,0
682,2025-07-22 12:25:22.178998,47.37,1.9,15.11,1448,0
683,2025-07-22 12:25:32.178998,69.56,2.09,6.08,1221,0
684,2025-07-22 12:25:42.178998,80.9,3.1,7.58,1976,2
685,2025-07-22 12:25:52.178998,67.18,2.19,9.66,1620,0
686,2025-07-22 12:26:02.178998,77.56,1.5,10.29,1543,1
687,2025-07-22 12:26:12.178998,69.77,1.76,15.53,1687,0
688,2025-07-22 12:26:22.178998,64.05,2.29,16.37,1605,1
689,2025-07-22 12:26:32.178998,65.18,2.69,11.87,1322,0
690,2025-07-22 12:26:42.178998,50.5,2.53,11.58,1733,0
691,2025-07-22 12:26:52.178998,50.63,0.83,15.2,1419,0
692,2025-07-22 12:27:02.178998,64.55,3.02,12.68,1563,0
693,2025-07-22 12:27:12.178998,90.1,2.89,12.77,1596,2
694,2025-07-22 12:27:22.178998,74.86,1.87,9.34,1381,1
695,2025-07-22 12:27:32.178998,65.02,0.01,13.93,1678,0
696,2025-07-22 12:27:42.178998,59.0,1.79,21.76,1604,2
697,2025-07-22 12:27:52.178998,71.2,3.23,12.34,909,1
698,2025-07-22 12:28:02.178998,70.69,1.94,16.67,1541,1
699,2025-07-22 12:28:12.178998,73.95,2.89,2.89,1471,1
700,2025-07-22 12:28:22.178998,38.87,2.36,15.1,1434,0
701,2025-07-22 12:28:32.178998,56.82,2.87,3.48,1259,0
702,2025-07-22 12:28:42.178998,58.05,1.02,13.05,1432,0
703,2025-07-22 12:28:52.178998,66.93,0.8,9.06,1365,0
704,2025-07-22 12:29:02.178998,67.85,0.71,13.12,1524,0
705,2025-07-22 12:29:12.178998,69.77,2.14,5.12,1217,0
706,2025-07-22 12:29:22.178998,62.59,2.98,10.31,1717,0
707,2025-07-22 12:29:32.178998,66.39,1.36,16.41,1523,1
708,2025-07-22 12:29:42.178998,71.9,3.35,18.28,1840,2
709,2025-07-22 12:29:52.178998,62.06,2.46,19.59,1195,2
710,2025-07-22 12:30:02.178998,64.94,1.71,7.08,1135,0
711,2025-07-22 12:30:12.178998,78.22,0.05,15.74,1461,1
712,2025-07-22 12:30:22.178998,72.76,2.61,16.01,1629,1
713,2025-07-22 12:30:32.178998,57.41,2.93,7.25,1748,0
714,2025-07-22 12:30:42.178998,62.61,3.74,9.54,1334,1
715,2025-07-22 12:30:52.178998,70.66,2.91,11.64,1709,1
716,2025-07-22 12:31:02.178998,63.42,2.52,13.36,1401,0
717,2025-07-22 12:31:12.178998,64.01,1.49,11.94,1489,0
718,2025-07-22 12:31:22.178998,52.53,1.76,13.87,1367,0
719,2025-07-22 12:31:32.178998,62.39,2.4,15.55,1279,0
720,2025-07-22 12:31:42.178998,56.6,2.45,5.29,1202,0
721,2025-07-22 12:31:52.178998,57.08,3.09,15.77,1208,0
722,2025-07-22 12:32:02.178998,67.47,1.98,13.38,1569,0
723,2025-07-22 12:32:12.178998,53.78,0.59,13.47,1547,0
724,2025-07-22 12:32:22.178998,66.16,2.42,11.43,1532,0
725,2025-07-22 12:32:32.178998,82.96,2.58,9.6,1417,2
726,2025-07-22 12:32:42.178998,69.0,0.94,8.04,1679,0
727,2025-07-22 12:32:52.178998,69.33,1.09,16.13,1618,1
728,2025-07-22 12:33:02.178998,71.03,1.74,13.49,1494,1
729,2025-07-22 12:33:12.178998,71.7,1.32,9.77,1814,1
730,2025-07-22 12:33:22.178998,70.73,1.89,9.4,1732,1
731,2025-07-22 12:33:32.178998,66.5,0.54,7.87,1402,0
732,2025-07-22 12:33:42.178998,68.08,3.74,10.57,1610,1
733,2025-07-22 12:33:52.178998,77.71,-0.05,5.7,1073,1
734,2025-07-22 12:34:02.178998,56.1,0.96,10.55,1653,0
735,2025-07-22 12:34:12.178998,67.62,1.42,9.71,1469,0
736,2025-07-22 12:34:22.178998,55.8,2.01,11.59,1324,0
737,2025-07-22 12:34:32.178998,74.56,2.35,7.05,1557,1
738,2025-07-22 12:34:42.178998,52.72,1.36,9.31,1704,0
739,2025-07-22 12:34:52.178998,51.78,3.23,15.73,1756,0
740,2025-07-22 12:35:02.178998,70.7,-0.63,13.8,1754,1
741,2025-07-22 12:35:12.178998,58.55,1.72,7.47,1446,0
742,2025-07-22 12:35:22.178998,57.96,0.79,15.91,1489,0
743,2025-07-22 12:35:32.178998,66.45,1.45,15.16,1834,0
744,2025-07-22 12:35:42.178998,64.11,3.94,7.43,1860,1
745,2025-07-22 12:35:52.178998,41.81,1.83,10.53,1649,0
746,2025-07-22 12:36:02.178998,67.5,3.26,8.05,1461,0
747,2025-07-22 12:36:12.178998,79.9,0.24,10.58,1542,1
748,2025-07-22 12:36:22.178998,60.02,2.46,13.57,1337,0
749,2025-07-22 12:36:32.178998,62.3,3.14,9.82,1597,0
750,2025-07-22 12:36:42.178998,86.25,4.44,20.91,1537,2
751,2025-07-22 12:36:52.178998,47.53,1.26,9.67,1554,0
752,2025-07-22 12:37:02.178998,76.34,2.0,11.39,1657,1
753,2025-07-22 12:37:12.178998,76.86,1.99,10.57,1450,1
754,2025-07-22 12:37:22.178998,66.56,3.81,14.43,1633,1
755,2025-07-22 12:37:32.178998,66.0,2.74,15.83,1367,0
756,2025-07-22 12:37:42.178998,72.46,2.61,17.3,1632,1
757,2025-07-22 12:37:52.178998,69.8,-0.41,10.02,1526,0
758,2025-07-22 12:38:02.178998,84.36,1.19,16.63,1390,2
759,2025-07-22 12:38:12.178998,63.29,2.63,10.95,1495,0
760,2025-07-22 12:38:22.178998,69.65,2.79,12.77,1393,0
761,2025-07-22 12:38:32.178998,63.66,3.16,11.86,1478,0
762,2025-07-22 12:38:42.178998,47.65,2.49,7.56,1316,0
763,2025-07-22 12:38:52.178998,72.74,3.68,14.46,1537,1
764,2025-07-22 12:39:02.178998,66.54,3.41,13.87,1527,0
765,2025-07-22 12:39:12.178998,77.74,3.58,15.29,1274,1
766,2025-07-22 12:39:22.178998,56.56,3.42,10.81,1246,0
767,2025-07-22 12:39:32.178998,65.42,1.49,6.57,1545,0
768,2025-07-22 12:39:42.178998,82.78,2.01,16.72,1504,2
769,2025-07-22 12:39:52.178998,68.86,1.68,10.2,1343,0
770,2025-07-22 12:40:02.178998,54.79,1.32,9.34,1588,0
771,2025-07-22 12:40:12.178998,60.3,1.51,13.4,1581,0
772,2025-07-22 12:40:22.178998,69.93,2.04,12.56,1621,0
773,2025-07-22 12:40:32.178998,72.97,0.62,8.61,1356,1
774,2025-07-22 12:40:42.178998,58.46,0.78,8.67,1451,0
775,2025-07-22 12:40:52.178998,79.77,2.76,12.95,1744,1
776,2025-07-22 12:41:02.178998,70.7,0.38,13.72,1388,1
777,2025-07-22 12:41:12.178998,63.06,0.74,1.94,1525,0
778,2025-07-22 12:41:22.178998,65.77,1.62,9.27,1523,0
779,2025-07-22 12:41:32.178998,67.83,2.26,14.77,1566,0
780,2025-07-22 12:41:42.178998,78.67,4.37,25.19,1586,2
781,2025-07-22 12:41:52.178998,56.47,3.57,17.95,1689,1
782,2025-07-22 12:42:02.178998,66.43,1.88,12.45,1335,0
783,2025-07-22 12:42:12.178998,72.74,2.33,12.92,1701,1
784,2025-07-22 12:42:22.178998,66.62,3.01,11.81,1931,0
785,2025-07-22 12:42:32.178998,47.17,3.81,10.85,1254,1
786,2025-07-22 12:42:42.178998,56.77,2.84,11.43,1478,0
787,2025-07-22 12:42:52.178998,66.49,2.33,15.59,1349,0
788,2025-07-22 12:43:02.178998,58.98,2.73,10.51,1630,0
789,2025-07-22 12:43:12.178998,66.57,2.82,12.85,1389,0
790,2025-07-22 12:43:22.178998,80.58,1.84,8.91,1177,2
791,2025-07-22 12:43:32.178998,69.64,2.42,10.93,1124,0
792,2025-07-22 12:43:42.178998,49.59,3.23,11.35,1541,0
793,2025-07-22 12:43:52.178998,47.43,1.26,12.18,1660,0
794,2025-07-22 12:44:02.178998,83.38,1.45,9.58,1428,2
795,2025-07-22 12:44:12.178998,77.81,0.71,16.6,1363,1
796,2025-07-22 12:44:22.178998,67.36,1.26,13.76,1866,0
797,2025-07-22 12:44:32.178998,73.15,1.33,17.5,1582,1
798,2025-07-22 12:44:42.178998,61.02,3.47,13.27,1553,0
799,2025-07-22 12:44:52.178998,64.79,3.2,12.38,1498,0
800,2025-07-22 12:45:02.178998,73.4,3.56,15.39,1761,1
801,2025-07-22 12:45:12.178998,73.17,1.67,12.6,1376,1
802,2025-07-22 12:45:22.178998,69.95,3.27,7.76,1328,0
803,2025-07-22 12:45:32.178998,78.2,1.78,14.71,1541,1
804,2025-07-22 12:45:42.178998,76.22,0.83,0.29,1538,1
805,2025-07-22 12:45:52.178998,73.96,0.79,18.71,1590,2
806,2025-07-22 12:46:02.178998,43.75,1.67,8.84,1882,0
807,2025-07-22 12:46:12.178998,70.61,2.82,6.18,1613,1
808,2025-07-22 12:46:22.178998,60.18,1.13,11.15,1885,0
809,2025-07-22 12:46:32.178998,42.87,0.5,8.75,1713,0
810,2025-07-22 12:46:42.178998,75.41,1.6,4.32,1381,1
811,2025-07-22 12:46:52.178998,66.45,1.22,9.12,1563,0
812,2025-07-22 12:47:02.178998,70.39,1.77,10.61,1220,1
813,2025-07-22 12:47:12.178998,37.8,3.53,7.94,1422,1
814,2025-07-22 12:47:22.178998,64.1,1.69,14.17,1572,0
815,2025-07-22 12:47:32.178998,42.42,3.23,19.79,1423,2
816,2025-07-22 12:47:42.178998,63.48,-1.22,8.95,1337,0
817,2025-07-22 12:47:52.178998,65.41,1.32,12.1,1450,0
818,2025-07-22 12:48:02.178998,53.98,0.94,18.11,1147,2
819,2025-07-22 12:48:12.178998,64.12,2.78,16.91,1429,1
820,2025-07-22 12:48:22.178998,58.92,1.55,16.06,1602,1
821,2025-07-22 12:48:32.178998,60.57,2.2,9.61,1303,0
822,2025-07-22 12:48:42.178998,65.6,-1.09,12.26,1730,0
823,2025-07-22 12:48:52.178998,76.79,1.12,7.69,1070,1
824,2025-07-22 12:49:02.178998,54.39,3.43,13.99,1465,0
825,2025-07-22 12:49:12.178998,59.32,3.3,9.85,1498,0
826,2025-07-22 12:49:22.178998,86.24,2.52,16.0,1527,2
827,2025-07-22 12:49:32.178998,54.68,1.74,17.33,1264,1
828,2025-07-22 12:49:42.178998,61.64,3.41,7.21,1424,0
829,2025-07-22 12:49:52.178998,50.71,1.7,8.32,1440,0
830,2025-07-22 12:50:02.178998,61.69,2.2,3.8,1546,0
831,2025-07-22 12:50:12.178998,54.12,0.88,15.5,2001,0
832,2025-07-22 12:50:22.178998,72.01,4.32,16.2,1274,1
833,2025-07-22 12:50:32.178998,79.18,1.82,12.89,1550,1
834,2025-07-22 12:50:42.178998,64.65,0.8,15.13,1836,0
835,2025-07-22 12:50:52.178998,47.53,2.53,11.25,1764,0
836,2025-07-22 12:51:02.178998,55.52,2.01,10.11,1410,0
837,2025-07-22 12:51:12.178998,72.5,2.87,11.59,1665,1
838,2025-07-22 12:51:22.178998,52.18,0.62,19.69,1401,2
839,2025-07-22 12:51:32.178998,82.89,1.76,9.15,2016,2
840,2025-07-22 12:51:42.178998,71.57,3.32,15.66,1470,1
841,2025-07-22 12:51:52.178998,75.04,1.67,11.3,1728,1
842,2025-07-22 12:52:02.178998,48.23,2.57,11.79,1762,0
843,2025-07-22 12:52:12.178998,65.75,2.69,6.4,1351,0
844,2025-07-22 12:52:22.178998,73.66,1.22,4.18,1420,1
845,2025-07-22 12:52:32.178998,77.34,1.54,10.63,1510,1
846,2025-07-22 12:52:42.178998,65.12,2.43,15.63,1544,0
847,2025-07-22 12:52:52.178998,57.93,1.65,11.19,1225,0
848,2025-07-22 12:53:02.178998,51.46,2.46,13.22,1881,0
849,2025-07-22 12:53:12.178998,58.14,2.12,9.78,1398,0
850,2025-07-22 12:53:22.178998,68.91,0.54,14.83,1168,0
851,2025-07-22 12:53:32.178998,67.29,2.16,12.11,1524,0
852,2025-07-22 12:53:42.178998,77.75,2.46,11.26,1652,1
853,2025-07-22 12:53:52.178998,69.57,0.12,7.01,1941,0
854,2025-07-22 12:54:02.178998,76.52,2.76,15.31,1642,1
855,2025-07-22 12:54:12.178998,68.21,1.04,18.38,1527,2
856,2025-07-22 12:54:22.178998,65.86,2.97,15.91,1602,0
857,2025-07-22 12:54:32.178998,60.49,1.74,12.46,1604,0
858,2025-07-22 12:54:42.178998,66.53,2.24,13.11,1680,0
859,2025-07-22 12:54:52.178998,59.91,2.44,9.61,1226,0
860,2025-07-22 12:55:02.178998,54.19,0.45,11.88,1463,0
861,2025-07-22 12:55:12.178998,65.87,2.14,11.33,1535,0
862,2025-07-22 12:55:22.178998,71.39,-0.27,12.17,1855,1
863,2025-07-22 12:55:32.178998,60.43,0.74,10.02,1609,0
864,2025-07-22 12:55:42.178998,64.96,2.58,7.34,1317,0
865,2025-07-22 12:55:52.178998,72.93,0.97,16.24,1550,1
866,2025-07-22 12:56:02.178998,71.65,3.06,18.51,1130,2
867,2025-07-22 12:56:12.178998,64.11,1.59,13.13,1576,0
868,2025-07-22 12:56:22.178998,65.78,0.85,17.68,1450,1
869,2025-07-22 12:56:32.178998,69.38,1.14,9.83,1701,0
870,2025-07-22 12:56:42.178998,67.52,3.09,18.54,1783,2
871,2025-07-22 12:56:52.178998,76.81,2.02,10.8,1317,1
872,2025-07-22 12:57:02.178998,49.45,3.65,10.13,1529,1
873,2025-07-22 12:57:12.178998,67.79,2.36,12.28,1386,0
874,2025-07-22 12:57:22.178998,66.84,1.0,1.5,1473,0
875,2025-07-22 12:57:32.178998,85.94,1.91,7.98,1458,2
876,2025-07-22 12:57:42.178998,62.49,0.48,10.44,1279,0
877,2025-07-22 12:57:52.178998,42.89,3.15,10.89,1297,0
878,2025-07-22 12:58:02.178998,58.68,1.12,11.43,1247,0
879,2025-07-22 12:58:12.178998,73.65,2.18,12.91,1461,1
880,2025-07-22 12:58:22.178998,72.38,3.4,11.65,1351,1
881,2025-07-22 12:58:32.178998,54.37,2.77,17.31,1509,1
882,2025-07-22 12:58:42.178998,71.38,3.89,11.7,1064,1
883,2025-07-22 12:58:52.178998,56.9,2.3,13.17,1239,0
884,2025-07-22 12:59:02.178998,76.42,0.86,15.01,1354,1
885,2025-07-22 12:59:12.178998,56.47,1.53,13.39,1533,0
886,2025-07-22 12:59:22.178998,62.62,1.12,21.61,1640,2
887,2025-07-22 12:59:32.178998,75.14,0.35,16.8,1313,1
888,2025-07-22 12:59:42.178998,71.1,2.41,19.48,1474,2
889,2025-07-22 12:59:52.178998,67.25,2.41,11.12,1513,0
890,2025-07-22 13:00:02.178998,64.2,2.66,8.75,1690,0
891,2025-07-22 13:00:12.178998,59.65,1.47,15.91,1750,0
892,2025-07-22 13:00:22.178998,66.12,2.69,10.71,1104,0
893,2025-07-22 13:00:32.178998,75.09,2.99,6.85,1687,1
894,2025-07-22 13:00:42.178998,58.78,1.57,16.38,1411,1
895,2025-07-22 13:00:52.178998,60.37,2.11,11.66,1416,0
896,2025-07-22 13:01:02.178998,60.13,-0.21,13.6,1714,0
897,2025-07-22 13:01:12.178998,71.9,3.25,12.45,1713,1
898,2025-07-22 13:01:22.178998,68.68,1.23,9.65,1464,0
899,2025-07-22 13:01:32.178998,49.77,2.33,9.02,1639,0
900,2025-07-22 13:01:42.178998,50.64,1.76,4.59,1638,0
901,2025-07-22 13:01:52.178998,51.66,1.44,18.18,1509,2
902,2025-07-22 13:02:02.178998,70.72,2.58,11.14,1397,1
903,2025-07-22 13:02:12.178998,73.26,2.61,4.49,1437,1
904,2025-07-22 13:02:22.178998,68.49,1.37,15.23,1485,0
905,2025-07-22 13:02:32.178998,44.86,1.05,12.08,1626,0
906,2025-07-22 13:02:42.178998,47.17,3.41,15.4,1514,0
907,2025-07-22 13:02:52.178998,49.13,2.37,11.8,1968,0
908,2025-07-22 13:03:02.178998,64.0,1.21,11.82,1485,0
909,2025-07-22 13:03:12.178998,60.31,2.49,15.21,1721,0
910,2025-07-22 13:03:22.178998,85.29,2.36,15.19,1396,2
911,2025-07-22 13:03:32.178998,64.43,1.54,3.32,1708,0
912,2025-07-22 13:03:42.178998,86.67,1.92,13.37,1491,2
913,2025-07-22 13:03:52.178998,79.78,2.36,14.44,1173,1
914,2025-07-22 13:04:02.178998,52.29,2.37,16.11,1476,1
915,2025-07-22 13:04:12.178998,61.33,0.81,14.58,1426,0
916,2025-07-22 13:04:22.178998,71.32,-0.02,7.57,1224,1
917,2025-07-22 13:04:32.178998,62.35,1.96,18.89,1250,2
918,2025-07-22 13:04:42.178998,63.57,2.38,6.99,1536,0
919,2025-07-22 13:04:52.178998,56.58,3.39,6.41,1292,0
920,2025-07-22 13:05:02.178998,73.23,3.47,-1.9,1457,1
921,2025-07-22 13:05:12.178998,51.01,1.92,16.35,1767,1
922,2025-07-22 13:05:22.178998,58.49,2.31,8.85,1982,0
923,2025-07-22 13:05:32.178998,74.54,1.46,5.78,1290,1
924,2025-07-22 13:05:42.178998,62.14,3.12,7.67,1297,0
925,2025-07-22 13:05:52.178998,66.04,1.8,14.25,1391,0
926,2025-07-22 13:06:02.178998,75.16,1.41,11.4,1406,1
927,2025-07-22 13:06:12.178998,78.09,2.54,7.04,1556,1
928,2025-07-22 13:06:22.178998,55.93,1.25,10.47,1285,0
929,2025-07-22 13:06:32.178998,72.09,2.43,12.01,1710,1
930,2025-07-22 13:06:42.178998,59.17,2.94,20.2,1441,2
931,2025-07-22 13:06:52.178998,59.47,2.33,8.11,1135,0
932,2025-07-22 13:07:02.178998,64.91,3.35,16.27,1589,1
933,2025-07-22 13:07:12.178998,66.72,1.65,16.79,1534,1
934,2025-07-22 13:07:22.178998,100.17,1.0,11.71,1334,2
935,2025-07-22 13:07:32.178998,53.77,1.77,12.19,1504,0
936,2025-07-22 13:07:42.178998,73.11,1.68,17.5,1586,1
937,2025-07-22 13:07:52.178998,62.51,2.05,11.1,1535,0
938,2025-07-22 13:08:02.178998,57.08,1.97,17.63,1790,1
939,2025-07-22 13:08:12.178998,70.67,1.53,13.07,1679,1
940,2025-07-22 13:08:22.178998,60.16,1.67,12.02,1631,0
941,2025-07-22 13:08:32.178998,75.35,1.59,9.87,1521,1
942,2025-07-22 13:08:42.178998,56.67,3.82,12.15,1797,1
943,2025-07-22 13:08:52.178998,72.03,1.72,1.17,1427,1
944,2025-07-22 13:09:02.178998,60.74,1.9,10.7,1261,0
945,2025-07-22 13:09:12.178998,50.8,1.47,7.49,1444,0
946,2025-07-22 13:09:22.178998,78.49,1.08,16.44,1316,1
947,2025-07-22 13:09:32.178998,79.86,0.55,17.25,1329,1
948,2025-07-22 13:09:42.178998,54.78,2.11,14.05,1485,0
949,2025-07-22 13:09:52.178998,70.38,2.85,13.21,1405,1
950,2025-07-22 13:10:02.178998,60.6,1.8,9.94,1036,0
951,2025-07-22 13:10:12.178998,67.71,1.74,14.95,1280,0
952,2025-07-22 13:10:22.178998,36.11,2.13,12.83,1303,0
953,2025-07-22 13:10:32.178998,78.99,2.17,12.6,1617,1
954,2025-07-22 13:10:42.178998,72.5,2.28,17.33,1475,1
955,2025-07-22 13:10:52.178998,59.68,1.8,14.6,1410,0
956,2025-07-22 13:11:02.178998,86.79,1.26,13.65,1603,2
957,2025-07-22 13:11:12.178998,74.38,1.76,9.69,1450,1
958,2025-07-22 13:11:22.178998,61.68,1.99,9.16,1330,0
959,2025-07-22 13:11:32.178998,68.99,1.78,8.77,1441,0
960,2025-07-22 13:11:42.178998,50.67,-0.25,12.97,1250,0
961,2025-07-22 13:11:52.178998,49.47,2.17,9.76,1459,0
962,2025-07-22 13:12:02.178998,52.82,2.08,13.53,1666,0
963,2025-07-22 13:12:12.178998,69.6,0.64,13.33,1634,0
964,2025-07-22 13:12:22.178998,68.63,2.4,12.01,1404,0
965,2025-07-22 13:12:32.178998,73.48,3.81,5.43,1635,1
966,2025-07-22 13:12:42.178998,68.76,0.98,3.98,1398,0
967,2025-07-22 13:12:52.178998,63.86,0.58,15.75,1503,0
968,2025-07-22 13:13:02.178998,71.5,1.35,18.27,1209,2
969,2025-07-22 13:13:12.178998,71.86,3.29,9.7,1486,1
970,2025-07-22 13:13:22.178998,76.8,4.55,14.92,1585,1
971,2025-07-22 13:13:32.178998,68.23,1.3,5.49,1803,0
972,2025-07-22 13:13:42.178998,63.67,2.36,13.5,1596,0
973,2025-07-22 13:13:52.178998,68.67,3.84,24.28,1472,2
974,2025-07-22 13:14:02.178998,69.21,1.31,10.67,1282,0
975,2025-07-22 13:14:12.178998,57.35,2.83,18.81,1328,2
976,2025-07-22 13:14:22.178998,64.19,2.4,11.03,1833,0
977,2025-07-22 13:14:32.178998,58.17,2.65,12.16,1137,0
978,2025-07-22 13:14:42.178998,66.31,0.8,14.14,1771,0
979,2025-07-22 13:14:52.178998,78.11,2.48,13.9,1412,1
980,2025-07-22 13:15:02.178998,61.41,0.91,4.85,1140,0
981,2025-07-22 13:15:12.178998,59.99,2.36,15.46,1534,0
982,2025-07-22 13:15:22.178998,64.08,-0.6,12.58,1778,0
983,2025-07-22 13:15:32.178998,54.21,2.79,8.24,1603,0
984,2025-07-22 13:15:42.178998,76.06,2.06,10.95,1636,1
985,2025-07-22 13:15:52.178998,84.45,0.38,14.61,1384,2
986,2025-07-22 13:16:02.178998,52.05,0.91,14.16,1886,0
987,2025-07-22 13:16:12.178998,81.28,1.29,8.65,1569,2
988,2025-07-22 13:16:22.178998,63.43,3.33,8.47,1419,0
989,2025-07-22 13:16:32.178998,63.96,-0.31,10.03,1420,0
990,2025-07-22 13:16:42.178998,53.86,1.93,14.53,1389,0
991,2025-07-22 13:16:52.178998,58.23,2.63,10.91,1441,0
992,2025-07-22 13:17:02.178998,60.2,2.45,9.15,1341,0
993,2025-07-22 13:17:12.178998,75.01,2.34,18.1,1504,2
994,2025-07-22 13:17:22.178998,49.65,0.78,12.0,1303,0
995,2025-07-22 13:17:32.178998,75.95,1.4,16.71,1534,1
996,2025-07-22 13:17:42.178998,58.0,3.13,11.21,1394,0
997,2025-07-22 13:17:52.178998,58.78,2.88,7.44,1423,0
998,2025-07-22 13:18:02.178998,80.06,2.59,9.72,1528,2
999,2025-07-22 13:18:12.178998,67.65,0.26,11.21,1474,0
